No,–¼Ì,–kˆÜ,“ŒŒo,ŠÝ’n
1,ªŽº”¼“‡ƒ`ƒƒƒVÕŒQ,432258,1454851,–kŠC“¹ªŽºŽs
2,ŒÜ—ÅŠs,414750,1404525,–kŠC“¹”ŸŠÙŽs
3,¼‘Oéi•ŸŽRéj,412547,1400630,–kŠC“¹¼‘O’¬
4,O‘Oé,403627,1402750,ÂXŒ§O‘OŽs
5,ªé,403022,1412738,ÂXŒ§”ªŒËŽs
6,·‰ªé,394202,1410900,ŠâŽèŒ§·‰ªŽs
7,‘½‰êé,381824,1405918,‹{éŒ§‘½‰êéŽs
8,å‘äéiÂ—téj,381511,1405120,‹{éŒ§å‘äŽs
9,‹v•Û“cé,394322,1400725,H“cŒ§H“cŽs
10,ŽRŒ`é,381520,1401942,ŽRŒ`Œ§ŽRŒ`Žs
11,“ñ–{¼éi‰àƒ–éj,373558,1402540,•Ÿ“‡Œ§“ñ–{¼Žs
12,‰ï’ÃŽá¼é,372915,1395547,•Ÿ“‡Œ§‰ï’ÃŽá¼Žs
13,”’‰Í¬•ôé,370757,1401248,•Ÿ“‡Œ§”’‰ÍŽs
14,…ŒËé,362231,1402837,ˆïéŒ§…ŒËŽs
15,‘«—˜ŽŠÙ(èfˆ¢Ž›),362015,1392708,“È–ØŒ§‘«—˜Žs
16,–¥—Öé,362418,1385703,ŒQ”nŒ§‚èŽs
17,‹àŽRé,361901,1392240,ŒQ”nŒ§‘¾“cŽs
18,”«Œ`é,360633,1391145,é‹ÊŒ§Šñ‹’¬
19,ì‰zé,355529,1392929,é‹ÊŒ§ì‰zŽs
20,²‘qé,354320,1401257,ç—tŒ§²‘qŽs
21,]ŒËé,354114,1394519,“Œ‹ž“sç‘ã“c‹æ
22,”ª‰¤Žqé,353911,1391510,“Œ‹ž“s”ª‰¤ŽqŽs
23,¬“cŒ´é,351505,1390913,_“ÞìŒ§¬“cŒ´Žs
24,•“cŽŠÙ(•“c_ŽÐ),354112,1383436,ŽR—œŒ§b•{Žs
25,b•{é,353955,1383417,ŽR—œŒ§b•{Žs
26,¼‘ãé,363357,1381145,’·–ìŒ§’·–ìŽs
27,ã“cé,362413,1381440,’·–ìŒ§ã“cŽs
28,¬”é,361937,1382501,’·–ìŒ§¬”Žs
29,¼–{é,361419,1375808,’·–ìŒ§¼–{Žs
30,‚‰“é,354958,1380345,’·–ìŒ§ˆÉ“ßŽs
31,V”­“cé,375719,1391931,VŠƒŒ§V”­“cŽs
32,t“úŽRé,370848,1381220,VŠƒŒ§ã‰zŽs
33,‚‰ªé,364457,1370115,•xŽRŒ§‚‰ªŽs
34,Žµ”öé,370031,1365902,ÎìŒ§Žµ”öŽs
35,‹à‘òé,363349,1363934,ÎìŒ§‹à‘òŽs
36,ŠÛ‰ªé,360907,1361620,•ŸˆäŒ§âˆäŽs
37,ˆêæ’Jé,355945,1361829,•ŸˆäŒ§•ŸˆäŽs
38,Šâ‘ºé,352135,1372704,Šò•ŒŒ§Œb“ßŽs
39,Šò•Œé,352602,1364656,Šò•ŒŒ§Šò•ŒŽs
40,ŽR’†é,350922,1385931,Ã‰ªŒ§ŽO“‡Žs
41,x•{é,345845,1382259,Ã‰ªŒ§Ã‰ªŽs
42,Š|ìé,344630,1380050,Ã‰ªŒ§Š|ìŽs
43,Œ¢ŽRé,352318,1365621,ˆ¤’mŒ§Œ¢ŽRŽs
44,–¼ŒÃ‰®é,351109,1365358,ˆ¤’mŒ§–¼ŒÃ‰®Žs
45,‰ªèé,345722,1370932,ˆ¤’mŒ§‰ªèŽs
46,’·ŽÂé,345522,1373335,ˆ¤’mŒ§VéŽs
47,ˆÉ‰êã–ìé,344612,1360738,ŽOdŒ§ˆÉ‰êŽs
48,¼ãé,343433,1363132,ŽOdŒ§¼ãŽs
49,¬’Jé,352732,1361635,Ž ‰êŒ§’·•lŽs
50,•Fªé,351635,1361506,Ž ‰êŒ§•FªŽs
51,ˆÀ“yé,350921,1360821,Ž ‰êŒ§‹ß]”ª”¦Žs
52,ŠÏ‰¹Ž›é,350845,1360928,Ž ‰êŒ§‹ß]”ª”¦Žs
53,“ñðé,350051,1354452,‹ž“s•{‹ž“sŽs
54,‘åãé,344115,1353133,‘åã•{‘åãŽs
55,ç‘é,342501,1353905,‘åã•{ç‘Ôã‘º
56,’|“cé,351800,1344944,•ºŒÉŒ§’©—ˆŽs
57,ŽÂŽRé,350423,1351303,•ºŒÉŒ§ŽÂŽRŽs
58,–¾Îé,343909,1345930,•ºŒÉŒ§–¾ÎŽs
59,•P˜Hé,345022,1344138,•ºŒÉŒ§•P˜HŽs
60,Ô•äé,344445,1342321,•ºŒÉŒ§Ô•äŽs
61,‚Žæé,342545,1354939,“Þ—ÇŒ§‚Žæ’¬
62,˜a‰ÌŽRé,341339,1351017,˜a‰ÌŽRŒ§˜a‰ÌŽRŽs
63,’¹Žæé,353036,1341428,’¹ŽæŒ§’¹ŽæŽs
64,¼]é,352830,1330302,“‡ªŒ§¼]Žs
65,ŒŽŽR•x“cé,352139,1331105,“‡ªŒ§ˆÀ—ˆŽs
66,’Ã˜a–ìé,342736,1314551,“‡ªŒ§’Ã˜a–ì’¬
67,’ÃŽRé,350346,1340018,‰ªŽRŒ§’ÃŽRŽs
68,”õ’†¼ŽRé,344832,1333719,‰ªŽRŒ§‚—ÀŽs
69,‹Sƒmé,344339,1334604,‰ªŽRŒ§‘ŽÐŽs
70,‰ªŽRé,343954,1335610,‰ªŽRŒ§‰ªŽRŽs
71,•ŸŽRé,342927,1332140,L“‡Œ§•ŸŽRŽs
72,ŒSŽRé,344025,1324234,L“‡Œ§ˆÀŒ|‚“cŽs
73,L“‡é,342409,1322733,L“‡Œ§L“‡Žs
74,Šâ‘é,341031,1321027,ŽRŒûŒ§Šâ‘Žs
75,”‹é,342517,1312253,ŽRŒûŒ§”‹Žs
76,“¿“‡é,340431,1343318,“¿“‡Œ§“¿“‡Žs
77,‚¼é,342101,1340306,ìŒ§‚¼Žs
78,ŠÛ‹Té,341710,1334802,ìŒ§ŠÛ‹TŽs
79,¡Ž¡é,340348,1330025,ˆ¤•QŒ§¡Ž¡Žs
80,“’’zé,335055,1324711,ˆ¤•QŒ§¼ŽRŽs
81,¼ŽRé,335044,1324556,ˆ¤•QŒ§¼ŽRŽs
82,‘åFé,333034,1323228,ˆ¤•QŒ§‘åFŽs
83,‰F˜a“‡é,331309,1323354,ˆ¤•QŒ§‰F˜a“‡Žs
84,‚’mé,333339,1333152,‚’mŒ§‚’mŽs
85,•Ÿ‰ªé,333505,1302259,•Ÿ‰ªŒ§•Ÿ‰ªŽs
86,‘å–ìé,333223,1303123,•Ÿ‰ªŒ§‘å–ìéŽs
87,–¼Œì‰®é,333149,1295209,²‰êŒ§“‚’ÃŽs
88,‹g–ìƒ–—¢,331929,1302300,²‰êŒ§‹g–ìƒ–—¢’¬
89,²‰êé,331443,1301810,²‰êŒ§²‰êŽs
90,•½ŒËé,332206,1293327,’·èŒ§•½ŒËŽs
91,“‡Œ´é,324721,1302202,’·èŒ§“‡Œ´Žs
92,ŒF–{é,324822,1304221,ŒF–{Œ§ŒF–{Žs
93,l‹gé,321240,1304559,ŒF–{Œ§l‹gŽs
94,‘å•ª•{“àé,331426,1313641,‘å•ªŒ§‘å•ªŽs
95,‰ªé,325809,1312428,‘å•ªŒ§’|“cŽs
96,éK”ìé,313744,1312100,‹{èŒ§“ú“ìŽs
97,Ž­Ž™“‡é(êt–¾ŠÙ),313555,1303317,Ž­Ž™“‡Œ§Ž­Ž™“‡Žs
98,¡‹Amé,264128,1275547,‰«“êŒ§¡‹Am‘º
99,’†éé,261702,1274804,‰«“êŒ§’†é‘º
100,Žñ—¢é,261301,1274310,‰«“êŒ§“ß”eŽs
